species,source,file,license,attribution,source_url
Ocimum gratissimum,iNaturalist,seed_dataset\Ocimum_gratissimum\inaturalist_01.jpg,cc-by,"iNaturalist user 'botalex', observation 283095109",https://www.inaturalist.org/observations/283095109
Ocimum gratissimum,iNaturalist,seed_dataset\Ocimum_gratissimum\inaturalist_02.jpg,cc0,"iNaturalist user 'rosshawkins', observation 368534473",https://www.inaturalist.org/observations/368534473
Ocimum gratissimum,iNaturalist,seed_dataset\Ocimum_gratissimum\inaturalist_03.jpg,cc0,"iNaturalist user 'rosshawkins', observation 368534473",https://www.inaturalist.org/observations/368534473
Ocimum gratissimum,iNaturalist,seed_dataset\Ocimum_gratissimum\inaturalist_04.jpg,cc0,"iNaturalist user 'rosshawkins', observation 368534473",https://www.inaturalist.org/observations/368534473
Ocimum gratissimum,iNaturalist,seed_dataset\Ocimum_gratissimum\inaturalist_05.jpg,cc0,"iNaturalist user 'rosshawkins', observation 368534473",https://www.inaturalist.org/observations/368534473
Ocimum gratissimum,iNaturalist,seed_dataset\Ocimum_gratissimum\inaturalist_06.jpg,cc-by,"iNaturalist user 'i_c_riddell', observation 149214354",https://www.inaturalist.org/observations/149214354
Ocimum gratissimum,iNaturalist,seed_dataset\Ocimum_gratissimum\inaturalist_07.jpg,cc-by,"iNaturalist user 'i_c_riddell', observation 149214354",https://www.inaturalist.org/observations/149214354
Ocimum gratissimum,iNaturalist,seed_dataset\Ocimum_gratissimum\inaturalist_08.jpg,cc-by,"iNaturalist user 'i_c_riddell', observation 149214354",https://www.inaturalist.org/observations/149214354
Ocimum gratissimum,Pl@ntNet (via GBIF),seed_dataset\Ocimum_gratissimum\gbif_plantnet_01.jpg,http://creativecommons.org/licenses/by/4.0/legalcode,"Recorded by unknown; Pl@ntNet observations dataset, GBIF occurrence 5110335402",https://www.gbif.org/occurrence/5110335402
Ocimum gratissimum,Pl@ntNet (via GBIF),seed_dataset\Ocimum_gratissimum\gbif_plantnet_02.jpg,http://creativecommons.org/licenses/by/4.0/legalcode,"Recorded by unknown; Pl@ntNet observations dataset, GBIF occurrence 5110362559",https://www.gbif.org/occurrence/5110362559
Ocimum gratissimum,Pl@ntNet (via GBIF),seed_dataset\Ocimum_gratissimum\gbif_plantnet_03.jpg,http://creativecommons.org/licenses/by/4.0/legalcode,"Recorded by unknown; Pl@ntNet observations dataset, GBIF occurrence 5110362682",https://www.gbif.org/occurrence/5110362682
Ocimum gratissimum,Pl@ntNet (via GBIF),seed_dataset\Ocimum_gratissimum\gbif_plantnet_04.jpg,http://creativecommons.org/licenses/by/4.0/legalcode,"Recorded by unknown; Pl@ntNet observations dataset, GBIF occurrence 5110363141",https://www.gbif.org/occurrence/5110363141
Ocimum gratissimum,Pl@ntNet (via GBIF),seed_dataset\Ocimum_gratissimum\gbif_plantnet_05.jpg,http://creativecommons.org/licenses/by/4.0/legalcode,"Recorded by unknown; Pl@ntNet observations dataset, GBIF occurrence 5110457669",https://www.gbif.org/occurrence/5110457669
Ocimum gratissimum,Pl@ntNet (via GBIF),seed_dataset\Ocimum_gratissimum\gbif_plantnet_06.jpg,http://creativecommons.org/licenses/by/4.0/legalcode,"Recorded by unknown; Pl@ntNet observations dataset, GBIF occurrence 5110457669",https://www.gbif.org/occurrence/5110457669
Ocimum gratissimum,Pl@ntNet (via GBIF),seed_dataset\Ocimum_gratissimum\gbif_plantnet_07.jpg,http://creativecommons.org/licenses/by/4.0/legalcode,"Recorded by unknown; Pl@ntNet observations dataset, GBIF occurrence 5110471048",https://www.gbif.org/occurrence/5110471048
Ocimum gratissimum,Pl@ntNet (via GBIF),seed_dataset\Ocimum_gratissimum\gbif_plantnet_08.jpg,http://creativecommons.org/licenses/by/4.0/legalcode,"Recorded by unknown; Pl@ntNet observations dataset, GBIF occurrence 5110471165",https://www.gbif.org/occurrence/5110471165
Azadirachta indica,iNaturalist,seed_dataset\Azadirachta_indica\inaturalist_01.jpg,cc0,"iNaturalist user 'markmcveigh', observation 369551525",https://www.inaturalist.org/observations/369551525
Azadirachta indica,iNaturalist,seed_dataset\Azadirachta_indica\inaturalist_02.jpg,cc-by,"iNaturalist user 'yoavdanielbarness', observation 114153293",https://www.inaturalist.org/observations/114153293
Azadirachta indica,iNaturalist,seed_dataset\Azadirachta_indica\inaturalist_03.jpg,cc-by,"iNaturalist user 'zebedeugalinha', observation 390983363",https://www.inaturalist.org/observations/390983363
Azadirachta indica,iNaturalist,seed_dataset\Azadirachta_indica\inaturalist_04.jpg,cc-by,"iNaturalist user 'zebedeugalinha', observation 390983363",https://www.inaturalist.org/observations/390983363
Azadirachta indica,iNaturalist,seed_dataset\Azadirachta_indica\inaturalist_05.jpg,cc-by,"iNaturalist user 'zebedeugalinha', observation 390983363",https://www.inaturalist.org/observations/390983363
Azadirachta indica,iNaturalist,seed_dataset\Azadirachta_indica\inaturalist_06.jpg,cc-by,"iNaturalist user 'zebedeugalinha', observation 390983363",https://www.inaturalist.org/observations/390983363
Azadirachta indica,iNaturalist,seed_dataset\Azadirachta_indica\inaturalist_07.jpg,cc-by,"iNaturalist user 'zebedeugalinha', observation 390983363",https://www.inaturalist.org/observations/390983363
Azadirachta indica,iNaturalist,seed_dataset\Azadirachta_indica\inaturalist_08.jpg,cc-by,"iNaturalist user 'zebedeugalinha', observation 390983363",https://www.inaturalist.org/observations/390983363
Azadirachta indica,Pl@ntNet (via GBIF),seed_dataset\Azadirachta_indica\gbif_plantnet_01.jpg,http://creativecommons.org/licenses/by/4.0/legalcode,"Recorded by unknown; Pl@ntNet observations dataset, GBIF occurrence 5110327301",https://www.gbif.org/occurrence/5110327301
Azadirachta indica,Pl@ntNet (via GBIF),seed_dataset\Azadirachta_indica\gbif_plantnet_02.jpg,http://creativecommons.org/licenses/by/4.0/legalcode,"Recorded by unknown; Pl@ntNet observations dataset, GBIF occurrence 5110304295",https://www.gbif.org/occurrence/5110304295
Azadirachta indica,Pl@ntNet (via GBIF),seed_dataset\Azadirachta_indica\gbif_plantnet_03.jpg,http://creativecommons.org/licenses/by/4.0/legalcode,"Recorded by unknown; Pl@ntNet observations dataset, GBIF occurrence 5110372550",https://www.gbif.org/occurrence/5110372550
Azadirachta indica,Pl@ntNet (via GBIF),seed_dataset\Azadirachta_indica\gbif_plantnet_04.jpg,http://creativecommons.org/licenses/by/4.0/legalcode,"Recorded by unknown; Pl@ntNet observations dataset, GBIF occurrence 5110463358",https://www.gbif.org/occurrence/5110463358
Azadirachta indica,Pl@ntNet (via GBIF),seed_dataset\Azadirachta_indica\gbif_plantnet_05.jpg,http://creativecommons.org/licenses/by/4.0/legalcode,"Recorded by unknown; Pl@ntNet observations dataset, GBIF occurrence 5110527062",https://www.gbif.org/occurrence/5110527062
Azadirachta indica,Pl@ntNet (via GBIF),seed_dataset\Azadirachta_indica\gbif_plantnet_06.jpg,http://creativecommons.org/licenses/by/4.0/legalcode,"Recorded by unknown; Pl@ntNet observations dataset, GBIF occurrence 5110499004",https://www.gbif.org/occurrence/5110499004
Azadirachta indica,Pl@ntNet (via GBIF),seed_dataset\Azadirachta_indica\gbif_plantnet_07.jpg,http://creativecommons.org/licenses/by/4.0/legalcode,"Recorded by unknown; Pl@ntNet observations dataset, GBIF occurrence 5109787807",https://www.gbif.org/occurrence/5109787807
Azadirachta indica,Pl@ntNet (via GBIF),seed_dataset\Azadirachta_indica\gbif_plantnet_08.jpg,http://creativecommons.org/licenses/by/4.0/legalcode,"Recorded by unknown; Pl@ntNet observations dataset, GBIF occurrence 5109800436",https://www.gbif.org/occurrence/5109800436
Vernonia amygdalina,iNaturalist,seed_dataset\Vernonia_amygdalina\inaturalist_01.jpg,cc-by-sa,"iNaturalist user 'tjeales', observation 171159550",https://www.inaturalist.org/observations/171159550
Vernonia amygdalina,iNaturalist,seed_dataset\Vernonia_amygdalina\inaturalist_02.jpg,cc-by-sa,"iNaturalist user 'tjeales', observation 171159550",https://www.inaturalist.org/observations/171159550
Vernonia amygdalina,iNaturalist,seed_dataset\Vernonia_amygdalina\inaturalist_03.jpg,cc-by-sa,"iNaturalist user 'tjeales', observation 171159550",https://www.inaturalist.org/observations/171159550
Vernonia amygdalina,iNaturalist,seed_dataset\Vernonia_amygdalina\inaturalist_04.jpg,cc-by,"iNaturalist user 'robert_taylor', observation 179667709",https://www.inaturalist.org/observations/179667709
Vernonia amygdalina,iNaturalist,seed_dataset\Vernonia_amygdalina\inaturalist_05.jpg,cc-by,"iNaturalist user 'robert_taylor', observation 179667709",https://www.inaturalist.org/observations/179667709
Vernonia amygdalina,iNaturalist,seed_dataset\Vernonia_amygdalina\inaturalist_06.jpg,cc-by,"iNaturalist user 'abdul_hanif', observation 377338362",https://www.inaturalist.org/observations/377338362
Vernonia amygdalina,iNaturalist,seed_dataset\Vernonia_amygdalina\inaturalist_07.jpg,cc-by,"iNaturalist user 'deerjacksonhu', observation 134287634",https://www.inaturalist.org/observations/134287634
Vernonia amygdalina,iNaturalist,seed_dataset\Vernonia_amygdalina\inaturalist_08.jpg,cc0,"iNaturalist user 'leaf0605', observation 69765541",https://www.inaturalist.org/observations/69765541
Vernonia amygdalina,Pl@ntNet (via GBIF),seed_dataset\Vernonia_amygdalina\gbif_plantnet_01.jpg,http://creativecommons.org/licenses/by/4.0/legalcode,"Recorded by unknown; Pl@ntNet observations dataset, GBIF occurrence 5110395634",https://www.gbif.org/occurrence/5110395634
Vernonia amygdalina,Pl@ntNet (via GBIF),seed_dataset\Vernonia_amygdalina\gbif_plantnet_02.jpg,http://creativecommons.org/licenses/by/4.0/legalcode,"Recorded by unknown; Pl@ntNet observations dataset, GBIF occurrence 5110029307",https://www.gbif.org/occurrence/5110029307
Vernonia amygdalina,Pl@ntNet (via GBIF),seed_dataset\Vernonia_amygdalina\gbif_plantnet_03.jpg,http://creativecommons.org/licenses/by/4.0/legalcode,"Recorded by unknown; Pl@ntNet observations dataset, GBIF occurrence 5110029307",https://www.gbif.org/occurrence/5110029307
Vernonia amygdalina,Pl@ntNet (via GBIF),seed_dataset\Vernonia_amygdalina\gbif_plantnet_04.jpg,http://creativecommons.org/licenses/by/4.0/legalcode,"Recorded by unknown; Pl@ntNet observations dataset, GBIF occurrence 5110029307",https://www.gbif.org/occurrence/5110029307
Vernonia amygdalina,Pl@ntNet (via GBIF),seed_dataset\Vernonia_amygdalina\gbif_plantnet_05.jpg,http://creativecommons.org/licenses/by/4.0/legalcode,"Recorded by unknown; Pl@ntNet observations dataset, GBIF occurrence 5110065654",https://www.gbif.org/occurrence/5110065654
Vernonia amygdalina,Pl@ntNet (via GBIF),seed_dataset\Vernonia_amygdalina\gbif_plantnet_06.jpg,http://creativecommons.org/licenses/by/4.0/legalcode,"Recorded by unknown; Pl@ntNet observations dataset, GBIF occurrence 5110172217",https://www.gbif.org/occurrence/5110172217
Vernonia amygdalina,Pl@ntNet (via GBIF),seed_dataset\Vernonia_amygdalina\gbif_plantnet_07.jpg,http://creativecommons.org/licenses/by/4.0/legalcode,"Recorded by unknown; Pl@ntNet observations dataset, GBIF occurrence 5110172217",https://www.gbif.org/occurrence/5110172217
Vernonia amygdalina,Pl@ntNet (via GBIF),seed_dataset\Vernonia_amygdalina\gbif_plantnet_08.jpg,http://creativecommons.org/licenses/by/4.0/legalcode,"Recorded by unknown; Pl@ntNet observations dataset, GBIF occurrence 5110069854",https://www.gbif.org/occurrence/5110069854
Moringa oleifera,iNaturalist,seed_dataset\Moringa_oleifera\inaturalist_01.jpg,cc-by,"iNaturalist user 'ricardelremate', observation 118369484",https://www.inaturalist.org/observations/118369484
Moringa oleifera,iNaturalist,seed_dataset\Moringa_oleifera\inaturalist_02.jpg,cc-by,"iNaturalist user 'ricardelremate', observation 118369484",https://www.inaturalist.org/observations/118369484
Moringa oleifera,iNaturalist,seed_dataset\Moringa_oleifera\inaturalist_03.jpg,cc-by,"iNaturalist user 'ricardelremate', observation 118369484",https://www.inaturalist.org/observations/118369484
Moringa oleifera,iNaturalist,seed_dataset\Moringa_oleifera\inaturalist_04.jpg,cc-by,"iNaturalist user 'ricardelremate', observation 118369484",https://www.inaturalist.org/observations/118369484
Moringa oleifera,iNaturalist,seed_dataset\Moringa_oleifera\inaturalist_05.jpg,cc-by,"iNaturalist user 'ricardelremate', observation 118369484",https://www.inaturalist.org/observations/118369484
Moringa oleifera,iNaturalist,seed_dataset\Moringa_oleifera\inaturalist_06.jpg,cc-by,"iNaturalist user 'ricardelremate', observation 118369484",https://www.inaturalist.org/observations/118369484
Moringa oleifera,iNaturalist,seed_dataset\Moringa_oleifera\inaturalist_07.jpg,cc-by,"iNaturalist user 'ricardelremate', observation 118369484",https://www.inaturalist.org/observations/118369484
Moringa oleifera,iNaturalist,seed_dataset\Moringa_oleifera\inaturalist_08.jpg,cc-by,"iNaturalist user 'ricardelremate', observation 118369484",https://www.inaturalist.org/observations/118369484
Moringa oleifera,Pl@ntNet (via GBIF),seed_dataset\Moringa_oleifera\gbif_plantnet_01.jpg,http://creativecommons.org/licenses/by/4.0/legalcode,"Recorded by unknown; Pl@ntNet observations dataset, GBIF occurrence 5110381339",https://www.gbif.org/occurrence/5110381339
Moringa oleifera,Pl@ntNet (via GBIF),seed_dataset\Moringa_oleifera\gbif_plantnet_02.jpg,http://creativecommons.org/licenses/by/4.0/legalcode,"Recorded by unknown; Pl@ntNet observations dataset, GBIF occurrence 5110515188",https://www.gbif.org/occurrence/5110515188
Moringa oleifera,Pl@ntNet (via GBIF),seed_dataset\Moringa_oleifera\gbif_plantnet_03.jpg,http://creativecommons.org/licenses/by/4.0/legalcode,"Recorded by unknown; Pl@ntNet observations dataset, GBIF occurrence 5110515188",https://www.gbif.org/occurrence/5110515188
Moringa oleifera,Pl@ntNet (via GBIF),seed_dataset\Moringa_oleifera\gbif_plantnet_04.jpg,http://creativecommons.org/licenses/by/4.0/legalcode,"Recorded by unknown; Pl@ntNet observations dataset, GBIF occurrence 5110515257",https://www.gbif.org/occurrence/5110515257
Moringa oleifera,Pl@ntNet (via GBIF),seed_dataset\Moringa_oleifera\gbif_plantnet_05.jpg,http://creativecommons.org/licenses/by/4.0/legalcode,"Recorded by unknown; Pl@ntNet observations dataset, GBIF occurrence 5109984754",https://www.gbif.org/occurrence/5109984754
Moringa oleifera,Pl@ntNet (via GBIF),seed_dataset\Moringa_oleifera\gbif_plantnet_06.jpg,http://creativecommons.org/licenses/by/4.0/legalcode,"Recorded by unknown; Pl@ntNet observations dataset, GBIF occurrence 5109999539",https://www.gbif.org/occurrence/5109999539
Moringa oleifera,Pl@ntNet (via GBIF),seed_dataset\Moringa_oleifera\gbif_plantnet_07.jpg,http://creativecommons.org/licenses/by/4.0/legalcode,"Recorded by unknown; Pl@ntNet observations dataset, GBIF occurrence 5109958667",https://www.gbif.org/occurrence/5109958667
Moringa oleifera,Pl@ntNet (via GBIF),seed_dataset\Moringa_oleifera\gbif_plantnet_08.jpg,http://creativecommons.org/licenses/by/4.0/legalcode,"Recorded by unknown; Pl@ntNet observations dataset, GBIF occurrence 5110038673",https://www.gbif.org/occurrence/5110038673
Carica papaya,iNaturalist,seed_dataset\Carica_papaya\inaturalist_01.jpg,cc-by,"iNaturalist user 'brandoncorder', observation 214111872",https://www.inaturalist.org/observations/214111872
Carica papaya,iNaturalist,seed_dataset\Carica_papaya\inaturalist_02.jpg,cc-by,"iNaturalist user 'stevie_steele', observation 250566399",https://www.inaturalist.org/observations/250566399
Carica papaya,iNaturalist,seed_dataset\Carica_papaya\inaturalist_03.jpg,cc-by,"iNaturalist user 'stevie_steele', observation 250566399",https://www.inaturalist.org/observations/250566399
Carica papaya,iNaturalist,seed_dataset\Carica_papaya\inaturalist_04.jpg,cc-by,"iNaturalist user 'stevie_steele', observation 250566399",https://www.inaturalist.org/observations/250566399
Carica papaya,iNaturalist,seed_dataset\Carica_papaya\inaturalist_05.jpg,cc-by,"iNaturalist user 'dloarie', observation 37651559",https://www.inaturalist.org/observations/37651559
Carica papaya,iNaturalist,seed_dataset\Carica_papaya\inaturalist_06.jpg,cc-by,"iNaturalist user 'dloarie', observation 37651559",https://www.inaturalist.org/observations/37651559
Carica papaya,iNaturalist,seed_dataset\Carica_papaya\inaturalist_07.jpg,cc-by,"iNaturalist user 'willkuhn', observation 258604757",https://www.inaturalist.org/observations/258604757
Carica papaya,iNaturalist,seed_dataset\Carica_papaya\inaturalist_08.jpg,cc-by,"iNaturalist user 'willkuhn', observation 258604757",https://www.inaturalist.org/observations/258604757
Carica papaya,Pl@ntNet (via GBIF),seed_dataset\Carica_papaya\gbif_plantnet_01.jpg,http://creativecommons.org/licenses/by/4.0/legalcode,"Recorded by unknown; Pl@ntNet observations dataset, GBIF occurrence 5110508270",https://www.gbif.org/occurrence/5110508270
Carica papaya,Pl@ntNet (via GBIF),seed_dataset\Carica_papaya\gbif_plantnet_02.jpg,http://creativecommons.org/licenses/by/4.0/legalcode,"Recorded by unknown; Pl@ntNet observations dataset, GBIF occurrence 5110514338",https://www.gbif.org/occurrence/5110514338
Carica papaya,Pl@ntNet (via GBIF),seed_dataset\Carica_papaya\gbif_plantnet_03.jpg,http://creativecommons.org/licenses/by/4.0/legalcode,"Recorded by unknown; Pl@ntNet observations dataset, GBIF occurrence 5110517569",https://www.gbif.org/occurrence/5110517569
Carica papaya,Pl@ntNet (via GBIF),seed_dataset\Carica_papaya\gbif_plantnet_04.jpg,http://creativecommons.org/licenses/by/4.0/legalcode,"Recorded by unknown; Pl@ntNet observations dataset, GBIF occurrence 5110505983",https://www.gbif.org/occurrence/5110505983
Carica papaya,Pl@ntNet (via GBIF),seed_dataset\Carica_papaya\gbif_plantnet_05.jpg,http://creativecommons.org/licenses/by/4.0/legalcode,"Recorded by unknown; Pl@ntNet observations dataset, GBIF occurrence 5109933865",https://www.gbif.org/occurrence/5109933865
Carica papaya,Pl@ntNet (via GBIF),seed_dataset\Carica_papaya\gbif_plantnet_06.jpg,http://creativecommons.org/licenses/by/4.0/legalcode,"Recorded by unknown; Pl@ntNet observations dataset, GBIF occurrence 5109971668",https://www.gbif.org/occurrence/5109971668
Carica papaya,Pl@ntNet (via GBIF),seed_dataset\Carica_papaya\gbif_plantnet_07.jpg,http://creativecommons.org/licenses/by/4.0/legalcode,"Recorded by unknown; Pl@ntNet observations dataset, GBIF occurrence 5109980041",https://www.gbif.org/occurrence/5109980041
Carica papaya,Pl@ntNet (via GBIF),seed_dataset\Carica_papaya\gbif_plantnet_08.jpg,http://creativecommons.org/licenses/by/4.0/legalcode,"Recorded by unknown; Pl@ntNet observations dataset, GBIF occurrence 5110029757",https://www.gbif.org/occurrence/5110029757
Psidium guajava,iNaturalist,seed_dataset\Psidium_guajava\inaturalist_01.jpg,cc-by-sa,"iNaturalist user 'danialdias', observation 150662253",https://www.inaturalist.org/observations/150662253
Psidium guajava,iNaturalist,seed_dataset\Psidium_guajava\inaturalist_02.jpg,cc0,"iNaturalist user 'daniel_e', observation 74950104",https://www.inaturalist.org/observations/74950104
Psidium guajava,iNaturalist,seed_dataset\Psidium_guajava\inaturalist_03.jpg,cc0,"iNaturalist user 'daniel_e', observation 74950104",https://www.inaturalist.org/observations/74950104
Psidium guajava,iNaturalist,seed_dataset\Psidium_guajava\inaturalist_04.jpg,cc0,"iNaturalist user 'daniel_e', observation 74950104",https://www.inaturalist.org/observations/74950104
Psidium guajava,iNaturalist,seed_dataset\Psidium_guajava\inaturalist_05.jpg,cc0,"iNaturalist user 'daniel_e', observation 74950104",https://www.inaturalist.org/observations/74950104
Psidium guajava,iNaturalist,seed_dataset\Psidium_guajava\inaturalist_06.jpg,cc-by,"iNaturalist user 'juanantonino-sandoval', observation 126954783",https://www.inaturalist.org/observations/126954783
Psidium guajava,iNaturalist,seed_dataset\Psidium_guajava\inaturalist_07.jpg,cc-by,"iNaturalist user 'deerjacksonhu', observation 297580309",https://www.inaturalist.org/observations/297580309
Psidium guajava,iNaturalist,seed_dataset\Psidium_guajava\inaturalist_08.jpg,cc-by,"iNaturalist user 'kevinfaccenda', observation 141048640",https://www.inaturalist.org/observations/141048640
Psidium guajava,Pl@ntNet (via GBIF),seed_dataset\Psidium_guajava\gbif_plantnet_01.jpg,http://creativecommons.org/licenses/by/4.0/legalcode,"Recorded by unknown; Pl@ntNet observations dataset, GBIF occurrence 5110303588",https://www.gbif.org/occurrence/5110303588
Psidium guajava,Pl@ntNet (via GBIF),seed_dataset\Psidium_guajava\gbif_plantnet_02.jpg,http://creativecommons.org/licenses/by/4.0/legalcode,"Recorded by unknown; Pl@ntNet observations dataset, GBIF occurrence 5110318283",https://www.gbif.org/occurrence/5110318283
Psidium guajava,Pl@ntNet (via GBIF),seed_dataset\Psidium_guajava\gbif_plantnet_03.jpg,http://creativecommons.org/licenses/by/4.0/legalcode,"Recorded by unknown; Pl@ntNet observations dataset, GBIF occurrence 5110362937",https://www.gbif.org/occurrence/5110362937
Psidium guajava,Pl@ntNet (via GBIF),seed_dataset\Psidium_guajava\gbif_plantnet_04.jpg,http://creativecommons.org/licenses/by/4.0/legalcode,"Recorded by unknown; Pl@ntNet observations dataset, GBIF occurrence 5110457731",https://www.gbif.org/occurrence/5110457731
Psidium guajava,Pl@ntNet (via GBIF),seed_dataset\Psidium_guajava\gbif_plantnet_05.jpg,http://creativecommons.org/licenses/by/4.0/legalcode,"Recorded by unknown; Pl@ntNet observations dataset, GBIF occurrence 5110470630",https://www.gbif.org/occurrence/5110470630
Psidium guajava,Pl@ntNet (via GBIF),seed_dataset\Psidium_guajava\gbif_plantnet_06.jpg,http://creativecommons.org/licenses/by/4.0/legalcode,"Recorded by unknown; Pl@ntNet observations dataset, GBIF occurrence 5110471043",https://www.gbif.org/occurrence/5110471043
Psidium guajava,Pl@ntNet (via GBIF),seed_dataset\Psidium_guajava\gbif_plantnet_07.jpg,http://creativecommons.org/licenses/by/4.0/legalcode,"Recorded by unknown; Pl@ntNet observations dataset, GBIF occurrence 5110508216",https://www.gbif.org/occurrence/5110508216
Psidium guajava,Pl@ntNet (via GBIF),seed_dataset\Psidium_guajava\gbif_plantnet_08.jpg,http://creativecommons.org/licenses/by/4.0/legalcode,"Recorded by unknown; Pl@ntNet observations dataset, GBIF occurrence 5110509572",https://www.gbif.org/occurrence/5110509572
Citrus aurantiifolia,iNaturalist,seed_dataset\Citrus_aurantiifolia\inaturalist_01.jpg,cc-by,"iNaturalist user 'elliotgreiner', observation 86345473",https://www.inaturalist.org/observations/86345473
Citrus aurantiifolia,iNaturalist,seed_dataset\Citrus_aurantiifolia\inaturalist_02.jpg,cc-by,"iNaturalist user 'attilaolah', observation 163303003",https://www.inaturalist.org/observations/163303003
Citrus aurantiifolia,iNaturalist,seed_dataset\Citrus_aurantiifolia\inaturalist_03.jpg,cc-by,"iNaturalist user 'attilaolah', observation 163303003",https://www.inaturalist.org/observations/163303003
Citrus aurantiifolia,Pl@ntNet (via GBIF),seed_dataset\Citrus_aurantiifolia\gbif_plantnet_01.jpg,http://creativecommons.org/licenses/by/4.0/legalcode,"Recorded by unknown; Pl@ntNet observations dataset, GBIF occurrence 5110296575",https://www.gbif.org/occurrence/5110296575
Citrus aurantiifolia,Pl@ntNet (via GBIF),seed_dataset\Citrus_aurantiifolia\gbif_plantnet_02.jpg,http://creativecommons.org/licenses/by/4.0/legalcode,"Recorded by unknown; Pl@ntNet observations dataset, GBIF occurrence 5110296832",https://www.gbif.org/occurrence/5110296832
Citrus aurantiifolia,Pl@ntNet (via GBIF),seed_dataset\Citrus_aurantiifolia\gbif_plantnet_03.jpg,http://creativecommons.org/licenses/by/4.0/legalcode,"Recorded by unknown; Pl@ntNet observations dataset, GBIF occurrence 5110354072",https://www.gbif.org/occurrence/5110354072
Citrus aurantiifolia,Pl@ntNet (via GBIF),seed_dataset\Citrus_aurantiifolia\gbif_plantnet_04.jpg,http://creativecommons.org/licenses/by/4.0/legalcode,"Recorded by unknown; Pl@ntNet observations dataset, GBIF occurrence 5110470944",https://www.gbif.org/occurrence/5110470944
Citrus aurantiifolia,Pl@ntNet (via GBIF),seed_dataset\Citrus_aurantiifolia\gbif_plantnet_05.jpg,http://creativecommons.org/licenses/by/4.0/legalcode,"Recorded by unknown; Pl@ntNet observations dataset, GBIF occurrence 5110305614",https://www.gbif.org/occurrence/5110305614
Citrus aurantiifolia,Pl@ntNet (via GBIF),seed_dataset\Citrus_aurantiifolia\gbif_plantnet_06.jpg,http://creativecommons.org/licenses/by/4.0/legalcode,"Recorded by unknown; Pl@ntNet observations dataset, GBIF occurrence 5110520050",https://www.gbif.org/occurrence/5110520050
Citrus aurantiifolia,Pl@ntNet (via GBIF),seed_dataset\Citrus_aurantiifolia\gbif_plantnet_07.jpg,http://creativecommons.org/licenses/by/4.0/legalcode,"Recorded by unknown; Pl@ntNet observations dataset, GBIF occurrence 5110482183",https://www.gbif.org/occurrence/5110482183
Citrus aurantiifolia,Pl@ntNet (via GBIF),seed_dataset\Citrus_aurantiifolia\gbif_plantnet_08.jpg,http://creativecommons.org/licenses/by/4.0/legalcode,"Recorded by unknown; Pl@ntNet observations dataset, GBIF occurrence 5110482183",https://www.gbif.org/occurrence/5110482183
Aloe vera,iNaturalist,seed_dataset\Aloe_vera\inaturalist_01.jpg,cc-by,"iNaturalist user 'blakesito', observation 117192404",https://www.inaturalist.org/observations/117192404
Aloe vera,iNaturalist,seed_dataset\Aloe_vera\inaturalist_02.jpg,cc-by,"iNaturalist user 'blakesito', observation 117192404",https://www.inaturalist.org/observations/117192404
Aloe vera,iNaturalist,seed_dataset\Aloe_vera\inaturalist_03.jpg,cc-by,"iNaturalist user 'blakesito', observation 117192404",https://www.inaturalist.org/observations/117192404
Aloe vera,iNaturalist,seed_dataset\Aloe_vera\inaturalist_04.jpg,cc-by,"iNaturalist user 'kevinfaccenda', observation 262170032",https://www.inaturalist.org/observations/262170032
Aloe vera,iNaturalist,seed_dataset\Aloe_vera\inaturalist_05.jpg,cc-by,"iNaturalist user 'kevinfaccenda', observation 262170032",https://www.inaturalist.org/observations/262170032
Aloe vera,iNaturalist,seed_dataset\Aloe_vera\inaturalist_06.jpg,cc-by,"iNaturalist user 'kevinfaccenda', observation 262170032",https://www.inaturalist.org/observations/262170032
Aloe vera,iNaturalist,seed_dataset\Aloe_vera\inaturalist_07.jpg,cc-by,"iNaturalist user 'hyacinthus', observation 106550388",https://www.inaturalist.org/observations/106550388
Aloe vera,iNaturalist,seed_dataset\Aloe_vera\inaturalist_08.jpg,cc-by,"iNaturalist user 'hyacinthus', observation 106550388",https://www.inaturalist.org/observations/106550388
Aloe vera,Pl@ntNet (via GBIF),seed_dataset\Aloe_vera\gbif_plantnet_01.jpg,http://creativecommons.org/licenses/by/4.0/legalcode,"Recorded by unknown; Pl@ntNet observations dataset, GBIF occurrence 5110354102",https://www.gbif.org/occurrence/5110354102
Aloe vera,Pl@ntNet (via GBIF),seed_dataset\Aloe_vera\gbif_plantnet_02.jpg,http://creativecommons.org/licenses/by/4.0/legalcode,"Recorded by unknown; Pl@ntNet observations dataset, GBIF occurrence 5110343157",https://www.gbif.org/occurrence/5110343157
Aloe vera,Pl@ntNet (via GBIF),seed_dataset\Aloe_vera\gbif_plantnet_03.jpg,http://creativecommons.org/licenses/by/4.0/legalcode,"Recorded by unknown; Pl@ntNet observations dataset, GBIF occurrence 5110484143",https://www.gbif.org/occurrence/5110484143
Aloe vera,Pl@ntNet (via GBIF),seed_dataset\Aloe_vera\gbif_plantnet_04.jpg,http://creativecommons.org/licenses/by/4.0/legalcode,"Recorded by unknown; Pl@ntNet observations dataset, GBIF occurrence 5110484143",https://www.gbif.org/occurrence/5110484143
Aloe vera,Pl@ntNet (via GBIF),seed_dataset\Aloe_vera\gbif_plantnet_05.jpg,http://creativecommons.org/licenses/by/4.0/legalcode,"Recorded by unknown; Pl@ntNet observations dataset, GBIF occurrence 5110533308",https://www.gbif.org/occurrence/5110533308
Aloe vera,Pl@ntNet (via GBIF),seed_dataset\Aloe_vera\gbif_plantnet_06.jpg,http://creativecommons.org/licenses/by/4.0/legalcode,"Recorded by unknown; Pl@ntNet observations dataset, GBIF occurrence 5110511714",https://www.gbif.org/occurrence/5110511714
Aloe vera,Pl@ntNet (via GBIF),seed_dataset\Aloe_vera\gbif_plantnet_07.jpg,http://creativecommons.org/licenses/by/4.0/legalcode,"Recorded by unknown; Pl@ntNet observations dataset, GBIF occurrence 5110542133",https://www.gbif.org/occurrence/5110542133
Aloe vera,Pl@ntNet (via GBIF),seed_dataset\Aloe_vera\gbif_plantnet_08.jpg,http://creativecommons.org/licenses/by/4.0/legalcode,"Recorded by unknown; Pl@ntNet observations dataset, GBIF occurrence 5109801567",https://www.gbif.org/occurrence/5109801567
